/*The following is some test data for the project*/
/*May  be some small issues with it but it generally works as a starting point*/

/* Load up the persons table */
INSERT INTO persons
(person_id, first_name, last_name, address, email, phone)
VALUES
(1, 'James', 'Hodgson', '4408 Pleasant Swale, Waterloo, Manitoba, R7N-3Y6, CA', 
'UTeredly2489@armyspy.com', '159-5633');
/*----------------------------------------------------------------------------*/
INSERT INTO persons
(person_id, first_name, last_name, address, email, phone)
VALUES
(2, 'Tyler', 'Wendlandt', '8838 Gentle By-pass, Frick, Saskatchewan, S4T-4M2, CA', 
'USireares1966@dayrep.com', '564-1334');
/*----------------------------------------------------------------------------*/
INSERT INTO persons
(person_id, first_name, last_name, address, email, phone)
VALUES
(3, 'Troy', 'Murphy', '5000 Foggy Road, Sucker Flat, Alberta, T6N-6U9, CA', 
'HDiesse78@rhyta.com', '360-2027');
/*----------------------------------------------------------------------------*/
INSERT INTO persons
(person_id, first_name, last_name, address, email, phone)
VALUES
(4, 'Bertha', 'Mcguire', '2106 Fallen Barn Park, Crapo, Newfoundland, A4R-6L0, CA', 
'Trounertaing52@armyspy.com', '401-1921');
/*----------------------------------------------------------------------------*/
INSERT INTO persons
(person_id, first_name, last_name, address, email, phone)
VALUES
(5, 'Damon', 'Thomas', '5527 Velvet Isle, Tessier, Manitoba, R8Q-4S4, CA', 
'Dittleatized70@fleckens.hu', '577-0762');
/*----------------------------------------------------------------------------*/
INSERT INTO persons
(person_id, first_name, last_name, address, email, phone)
VALUES
(6, 'Alex', 'Garcia', '5472 Shady Apple Ridge, Coronach, New Brunswick, E5X-2H9, CA', 
'QRegan1959@dayrep.com', '479-0612');
/*----------------------------------------------------------------------------*/
INSERT INTO persons
(person_id, first_name, last_name, address, email, phone)
VALUES
(7, 'Denise', 'Drake', '6023 Wishing Terrace, Odd, Prince Edward Island, C1R-1S3, CA', 
'SUght1944@rhyta.com', '038-8934');
/*----------------------------------------------------------------------------*/
INSERT INTO persons
(person_id, first_name, last_name, address, email, phone)
VALUES
(8, 'Stanley', 'Bush', '9639 Stony Diversion, Moosup Valley, Prince Edward Island, C5R-3A0, CA', 
'LOftepts3903@rhyta.com', '264-0086');
/*----------------------------------------------------------------------------*/
INSERT INTO persons
(person_id, first_name, last_name, address, email, phone)
VALUES
(9, 'Darla', 'Owens', '8137 High Port, Mililani, Alberta, T2T-8X4, CA', 
'PExual1947@gustr.com', '157-8611');
/*----------------------------------------------------------------------------*/
INSERT INTO persons
(person_id, first_name, last_name, address, email, phone)
VALUES
(10, 'Pedro', 'Walton', '5081 Old Rise Turnabout, McCool, Yukon, Y7Y-6J6, CA', 
'Bege993@jourrapide.com', '428-2146');
/*----------------------------------------------------------------------------*/
INSERT INTO persons
(person_id, first_name, last_name, address, email, phone)
VALUES
(11, 'Anna', 'Simpson', '6022 Thunder View Villas, Tuggleville, Manitoba, R6N-6U9, CA', 
'Gled6991@teleworm.us', '252-0350');
/*----------------------------------------------------------------------------*/
INSERT INTO persons
(person_id, first_name, last_name, address, email, phone)
VALUES
(12, 'Vincent', 'Foster', '9777 Rustic Anchor Nook, Coeur Alene, Manitoba, R3N-4I8, CA', 
'Oning1942@teleworm.us', '391-9837');
/*----------------------------------------------------------------------------*/
INSERT INTO persons
(person_id, first_name, last_name, address, email, phone)
VALUES
(13, 'Bradley', 'Perez', '1868 Green Street, Purchase, Yukon, Y2S-7Q4, CA', 
'HManoth78@armyspy.com', '321-2653');
/*----------------------------------------------------------------------------*/
INSERT INTO persons
(person_id, first_name, last_name, address, email, phone)
VALUES
(14, 'Lois', 'Frazier', '1881 Bright Oak Boulevard, Two Rock, Britsh Columbia, V2O-4D0, CA', 
'Cloy4853@armyspy.com', '941-9459');
/*----------------------------------------------------------------------------*/
INSERT INTO persons
(person_id, first_name, last_name, address, email, phone)
VALUES
(15, 'Stacey', 'Malone', '4017 Merry Pond Rise, Little Water, Ontario, P8Q-4Z2, CA', 
'VBaccupon3502@cuvox.de', ' 768-4763');
/*----------------------------------------------------------------------------*/
INSERT INTO persons
(person_id, first_name, last_name, address, email, phone)
VALUES
(16, 'Patty', 'Lloyd', '2189 Hazy Spring Towers, Seven Mile, Newfoundland, A0C-4K1, CA', 
'Xvier7325@superrito.com', '397-9074');
/*----------------------------------------------------------------------------*/
INSERT INTO persons
(person_id, first_name, last_name, address, email, phone)
VALUES
(17, 'Paula', 'Young', '251 Dewy Lake Mount, Mankota, Ontario, M1U-3P6, CA', 
'james@james.com', '199-1107');
/*----------------------------------------------------------------------------*/
INSERT INTO persons
(person_id, first_name, last_name, address, email, phone)
VALUES
(18, 'Irving', 'Flores', '5769 Clear Island Run, Troublesome, Ontario, M0O-4Z6, CA', 
'ZWharand2434@rhyta.com', '989-6438');
/*----------------------------------------------------------------------------*/
INSERT INTO persons
(person_id, first_name, last_name, address, email, phone)
VALUES
(19, 'Lauren', 'Wise', '2807 Round Panda Lane, Earth, Nova Scotia, B3Q-9X3, CA', 
'XAmmed7308@jourrapide.com', '076-7477');
/*----------------------------------------------------------------------------*/
INSERT INTO persons
(person_id, first_name, last_name, address, email, phone)
VALUES
(20, 'Peter', 'Griffith', '1742 Silver Cape, Mermaid, Prince Edward Island, C8Q-3F7, CA', 
'LGayses1947@gustr.com', '757-1795');
/*----------------------------------------------------------------------------*/
INSERT INTO persons
(person_id, first_name, last_name, address, email, phone)
VALUES
(21, 'Ian', 'Jimenez', '1742 Silver Cape, Mermaid, Prince Edward Island, C8Q-3F7, CA', 
'Faies1934@dayrep.com', '478-7703');
/*----------------------------------------------------------------------------*/
INSERT INTO persons
(person_id, first_name, last_name, address, email, phone)
VALUES
(22, 'Stephen', 'Becker', '9138 Honey Nectar Island, Calypso, Alberta, T9D-2H5, CA', 
'Shaden8074@rhyta.com', '576-1175');
/*----------------------------------------------------------------------------*/
INSERT INTO persons
(person_id, first_name, last_name, address, email, phone)
VALUES
(23, 'Anthony', 'Blake', '1207 Little Inlet, Concept, Quebec, H3F-9P6, CA', 
'Forts9004@gustr.com', '195-4737');
/*----------------------------------------------------------------------------*/

/*Load up the users table*/
INSERT INTO users
(user_name, password, class, person_id, date_registered)
VALUES
('jhodgson', '1234', 'a', 1, sysdate);
/*----------------------------------------------------------------------------*/
INSERT INTO users
(user_name, password, class, person_id, date_registered)
VALUES
('twendlandt', '4321', 'p', 2, sysdate);
/*----------------------------------------------------------------------------*/
INSERT INTO users
(user_name, password, class, person_id, date_registered)
VALUES
('tmurphy', '1234', 'd', 3, sysdate);
/*----------------------------------------------------------------------------*/
INSERT INTO users
(user_name, password, class, person_id, date_registered)
VALUES
('EdibleFruit', '1234', 'r', 4, sysdate);
/*----------------------------------------------------------------------------*/
INSERT INTO users
(user_name, password, class, person_id, date_registered)
VALUES
('FalseFruit', '1234', 'r', 5, sysdate);
/*----------------------------------------------------------------------------*/
INSERT INTO users
(user_name, password, class, person_id, date_registered)
VALUES
('storkelfin', '1234', 'r', 6, sysdate);
/*----------------------------------------------------------------------------*/
INSERT INTO users
(user_name, password, class, person_id, date_registered)
VALUES
('batchspew', '1234', 'r', 7, sysdate);
/*----------------------------------------------------------------------------*/
INSERT INTO users
(user_name, password, class, person_id, date_registered)
VALUES
('capfrog', '1234', 'd', 8, sysdate);
/*----------------------------------------------------------------------------*/
INSERT INTO users
(user_name, password, class, person_id, date_registered)
VALUES
('buyersponge', '1234', 'd', 9, sysdate);
/*----------------------------------------------------------------------------*/
INSERT INTO users
(user_name, password, class, person_id, date_registered)
VALUES
('writerrubbish', '1234', 'd', 10, sysdate);
/*----------------------------------------------------------------------------*/
INSERT INTO users
(user_name, password, class, person_id, date_registered)
VALUES
('neatsilver', '1234', 'a', 11, sysdate);
/*----------------------------------------------------------------------------*/
INSERT INTO users
(user_name, password, class, person_id, date_registered)
VALUES
('moleshort', '1234', 'p', 12, sysdate);
/*----------------------------------------------------------------------------*/
INSERT INTO users
(user_name, password, class, person_id, date_registered)
VALUES
('pocksilent', '1234', 'p', 13, sysdate);
/*----------------------------------------------------------------------------*/
INSERT INTO users
(user_name, password, class, person_id, date_registered)
VALUES
('dartcried', '1234', 'p', 14, sysdate);
/*----------------------------------------------------------------------------*/
INSERT INTO users
(user_name, password, class, person_id, date_registered)
VALUES
('snoopygland', '1234', 'p', 15, sysdate);
/*----------------------------------------------------------------------------*/
INSERT INTO users
(user_name, password, class, person_id, date_registered)
VALUES
('brutalbump', '1234', 'p', 16, sysdate);
/*----------------------------------------------------------------------------*/
INSERT INTO users
(user_name, password, class, person_id, date_registered)
VALUES
('binnuts', '1234', 'p', 17, sysdate);
/*----------------------------------------------------------------------------*/
INSERT INTO users
(user_name, password, class, person_id, date_registered)
VALUES
('alcoholicchirm', '1234', 'p', 18, sysdate);
/*----------------------------------------------------------------------------*/
INSERT INTO users
(user_name, password, class, person_id, date_registered)
VALUES
('twinklingbeef', '1234', 'p', 19, sysdate);
/*----------------------------------------------------------------------------*/
INSERT INTO users
(user_name, password, class, person_id, date_registered)
VALUES
('barlegs', '1234', 'p', 20, sysdate);
/*----------------------------------------------------------------------------*/
INSERT INTO users
(user_name, password, class, person_id, date_registered)
VALUES
('priceyfard', '1234', 'p', 21, sysdate);
/*----------------------------------------------------------------------------*/
INSERT INTO users
(user_name, password, class, person_id, date_registered)
VALUES
('familycheese', '1234', 'p', 22, sysdate);
/*----------------------------------------------------------------------------*/
INSERT INTO users
(user_name, password, class, person_id, date_registered)
VALUES
('chunksglue', '1234', 'p', 23, sysdate);
/*----------------------------------------------------------------------------*/

/*Load up the family_doctor table*/

INSERT INTO family_doctor
(doctor_id, patient_id)
VALUES
(8,12);
/*----------------------------------------------------------------------------*/
INSERT INTO family_doctor
(doctor_id, patient_id)
VALUES
(3,13);
/*----------------------------------------------------------------------------*/
INSERT INTO family_doctor
(doctor_id, patient_id)
VALUES
(9,14);
/*----------------------------------------------------------------------------*/
INSERT INTO family_doctor
(doctor_id, patient_id)
VALUES
(10,15);
/*----------------------------------------------------------------------------*/
INSERT INTO family_doctor
(doctor_id, patient_id)
VALUES
(9,16);
/*----------------------------------------------------------------------------*/
INSERT INTO family_doctor
(doctor_id, patient_id)
VALUES
(9,17);
/*----------------------------------------------------------------------------*/
INSERT INTO family_doctor
(doctor_id, patient_id)
VALUES
(10,18);
/*----------------------------------------------------------------------------*/
INSERT INTO family_doctor
(doctor_id, patient_id)
VALUES
(3,19);
/*----------------------------------------------------------------------------*/
INSERT INTO family_doctor
(doctor_id, patient_id)
VALUES
(3,20);
/*----------------------------------------------------------------------------*/
INSERT INTO family_doctor
(doctor_id, patient_id)
VALUES
(3,21);
/*----------------------------------------------------------------------------*/
INSERT INTO family_doctor
(doctor_id, patient_id)
VALUES
(9,22);
/*----------------------------------------------------------------------------*/
INSERT INTO family_doctor
(doctor_id, patient_id)
VALUES
(8,23);
/*----------------------------------------------------------------------------*/
INSERT INTO family_doctor
(doctor_id, patient_id)
VALUES
(8,2);
/*----------------------------------------------------------------------------*/

/*Load up the radiology_record table*/

/*Types of radiology tests (cancer related ones I think):
---------------------------
Computed tomography scan
Magnetic resonance imaging scan
Radiographic studies
Mammography
Nuclear scans
Ultrasound
*/

/*----------------------------------------------------------------------------*/
INSERT INTO radiology_record
(record_id, patient_id, doctor_id, radiologist_id, test_type, prescribing_date
, test_date, diagnosis, description)
VALUES
(1,12, 8, 4, 'Computed tomography scan', sysdate, sysdate, 'Bi Polar',
'Everything looks good');
/*----------------------------------------------------------------------------*/
INSERT INTO radiology_record
(record_id, patient_id, doctor_id, radiologist_id, test_type, prescribing_date
, test_date, diagnosis, description)
VALUES
(2,13, 3, 5, 'MRI', sysdate, sysdate, 'Large Brain Tumor',
'Everything looks good');
/*----------------------------------------------------------------------------*/
INSERT INTO radiology_record
(record_id, patient_id, doctor_id, radiologist_id, test_type, prescribing_date
, test_date, diagnosis, description)
VALUES
(3,14, 9, 6, 'Radiographic studies', sysdate, sysdate, 'Lung cancer',
'Scans show something, must do more tests.');
/*----------------------------------------------------------------------------*/
INSERT INTO radiology_record
(record_id, patient_id, doctor_id, radiologist_id, test_type, prescribing_date
, test_date, diagnosis, description)
VALUES
(4,15, 10, 7, 'Mammography', sysdate, sysdate, 'Breast cancer',
'Evidence of cancer suggest immediate treatment');
/*----------------------------------------------------------------------------*/
INSERT INTO radiology_record
(record_id, patient_id, doctor_id, radiologist_id, test_type, prescribing_date
, test_date, diagnosis, description)
VALUES
(5,16, 8, 7, 'Nuclear scans', sysdate, sysdate, 'Some cancer',
'No sign of cancer');
/*----------------------------------------------------------------------------*/
INSERT INTO radiology_record
(record_id, patient_id, doctor_id, radiologist_id, test_type, prescribing_date
, test_date, diagnosis, description)
VALUES
(6,17, 9, 5, 'Ultrasound', sysdate, sysdate, 'Pregnant',
'Wont make it to next week');
/*----------------------------------------------------------------------------*/
INSERT INTO radiology_record
(record_id, patient_id, doctor_id, radiologist_id, test_type, prescribing_date
, test_date, diagnosis, description)
VALUES
(7,12, 8, 4, 'Computed tomography scan', sysdate, sysdate, 'Bi Polar',
'Everything looks good');
/*----------------------------------------------------------------------------*/
/*----------------------------------------------------------------------------*/
INSERT INTO radiology_record
(record_id, patient_id, doctor_id, radiologist_id, test_type, prescribing_date
, test_date, diagnosis, description)
VALUES
(8,17, 9, 5, 'Ultrasound', sysdate, sysdate, 'Bi Polar',
'Oh oh');
/*----------------------------------------------------------------------------*/

/*Load up the images table*/
/*Have not figured out how to upload local images as of yet*/
